logno,dateoflog,visitornames,visitorid,sysNo
1,11/29/2022,Grant McGoldrick,1,1
2,12/14/2022,Fredric Hellis,2,2
3,01/05/2023,Colly Read,3,3
4,01/20/2022,Atlante Boseley,4,4
5,03/20/2022,Dermot Sculpher,5,5
6,05/07/2022,Bondy Hundal,6,6
7,06/10/2022,Aurelie Lutzmann,7,7
8,07/16/2022,Jenny Dives,8,8
9,12/05/2022,Arline Boatwright,9,9
10,09/06/2022,Karee Axelbey,10,10
11,09/16/2022,Hastie Siss,11,11
12,03/19/2022,Carlyle Yosselevitch,12,12
13,01/30/2022,Arni Whiting,13,13
14,01/23/2022,Emilie Rubinow,14,14
15,09/04/2022,Lindy Dunsmuir,15,15
16,03/22/2023,Susette Tansly,16,16
17,11/25/2021,Erskine Van Rembrandt,17,17
18,11/04/2022,Valentin Ridsdell,18,18
19,01/26/2022,Mallory Coope,19,19
20,10/10/2022,Mahala Pagnin,20,20
21,01/18/2023,Pris Marzelle,21,21
22,11/08/2022,Martha Dyers,22,22
23,12/08/2021,Murial Hasselby,23,23
24,12/01/2022,Juline Di Franceshci,24,24
25,11/04/2022,Freida Tomashov,25,25
26,01/23/2022,Karly Sambells,26,26
27,10/07/2022,Kippy Jerzak,27,27
28,12/23/2022,Isa Hanford,28,28
29,09/10/2022,Magda Eslie,29,29
30,02/18/2023,Barde Flockhart,30,30
31,05/01/2022,Husein MacKenney,31,31
32,12/14/2022,Wilden Jilliss,32,32
33,05/05/2022,Desi Broseke,33,33
34,09/10/2022,Phil Escot,34,34
35,05/04/2022,Haskell Minihane,35,35
36,12/19/2022,Fayina Andrioni,36,36
37,11/19/2021,Olia Pavitt,37,37
38,07/17/2022,Petronille Oolahan,38,38
39,11/24/2021,Nomi Osmar,39,39
40,05/31/2022,Elmore Fleming,40,40
41,05/12/2022,Blondie Rebbeck,41,41
42,03/06/2023,Keely Andryushchenko,42,42
43,02/04/2023,Dori Atlay,43,43
44,11/23/2021,Bettine Hedylstone,44,44
45,09/15/2022,Shirlee Frostdyke,45,45
46,11/18/2021,Madelaine De Bruyne,46,46
47,03/29/2022,Joann Sirrell,47,47
48,05/02/2022,Darya Pallaske,48,48
49,07/31/2022,Nerita Stein,49,49
50,01/09/2023,Skipp Buddles,50,50
51,02/28/2023,Luigi Cutridge,51,51
52,08/01/2022,Miguelita Jeff,52,52
53,12/17/2021,Lorette Beau,53,53
54,10/15/2022,Linet Vondrach,54,54
55,11/21/2021,Ranice Brunicke,55,55
56,02/15/2023,Christiane Montier,56,56
57,02/06/2023,Samuele Konmann,57,57
58,01/04/2022,Andras Leeson,58,58
59,01/28/2022,Horatio Medmore,59,59
60,03/15/2023,Bay Wood,60,60
61,11/20/2021,Gilbertine Gobeaux,61,61
62,01/14/2022,Zondra Lainton,62,62
63,09/01/2022,Lemar Soots,63,63
64,10/17/2022,Cayla Greeding,64,64
65,12/07/2021,Blanch Newlove,65,65
66,03/18/2023,Aloisia Ettery,66,66
67,02/27/2023,Petra Challoner,67,67
68,01/05/2022,Terese Evesque,68,68
69,11/14/2021,Daisi Whittaker,69,69
70,01/14/2023,Adela Hornung,70,70
71,03/27/2022,Hally Spacey,71,71
72,05/12/2022,Valentin Kembry,72,72
73,07/25/2022,Duane Muckleston,73,73
74,09/08/2022,Fraser Werny,74,74
75,03/31/2023,Hubey Hafford,75,75
76,07/17/2022,Theressa Snar,76,76
77,07/01/2022,Tommie Webermann,77,77
78,10/13/2022,Ludovico Ballard,78,78
79,09/23/2022,Byron Riddock,79,79
80,12/07/2021,Britni Clapp,80,80
81,03/07/2022,Maisie Winter,81,81
82,02/15/2022,Enrique Bletso,82,82
83,03/15/2022,Rivalee Imore,83,83
84,06/23/2022,Nelly Human,84,84
85,12/24/2021,Mac Furman,85,85
86,11/06/2022,Una MacAndreis,86,86
87,01/07/2023,Emma Dimont,87,87
88,11/15/2022,Cherilynn McKew,88,88
89,06/07/2022,Jobey Witherup,89,89
90,03/14/2023,Valentin Blader,90,90
91,10/08/2022,Edita Pizzie,91,91
92,06/22/2022,Ram Parkisson,92,92
93,12/30/2021,Layla Maffey,93,93
94,06/16/2022,Nani Palomba,94,94
95,02/01/2023,Theodora Moyce,95,95
96,02/17/2022,Glori Pelosi,96,96
97,04/15/2022,Tamara Surgen,97,97
98,02/09/2022,Francyne Wilford,98,98
99,03/02/2023,Sawyere Hurlestone,99,99
100,01/29/2023,Rici Jorczyk,100,100
101,04/24/2022,Byrle Aizikovich,101,101
102,01/21/2023,Ferris Caveney,102,102
103,03/23/2022,Lenard Baldi,103,103
104,06/12/2022,Raddie Iliffe,104,104
105,02/15/2023,Karen Cloy,105,105
106,03/22/2023,Itch Pawden,106,106
107,12/29/2021,Morlee Scragg,107,107
108,04/23/2022,Alayne Witty,108,108
109,07/22/2022,Charisse Bernardelli,109,109
110,02/01/2022,Juan Tremblot,110,110
111,11/06/2022,Edee Sloat,111,111
112,03/16/2022,Tessie Gimeno,112,112
113,12/22/2021,Alaric Wilse,113,113
114,02/03/2022,Svend Shoard,114,114
115,08/11/2022,Rawley Tubbles,115,115
116,11/26/2021,Mozes McCard,116,116
117,11/22/2021,Lamar Paolo,117,117
118,06/07/2022,Kizzie Skellern,118,118
119,05/04/2022,Elka Sagerson,119,119
120,12/13/2021,Jan Murfill,120,120
121,01/24/2022,Glynda Arstall,121,121
122,02/28/2022,Ellis Laste,122,122
123,06/24/2022,Cliff Duhig,123,123
124,07/17/2022,Linell Szimon,124,124
125,09/04/2022,Grissel Cadwell,125,125
126,01/29/2022,Lita Davenport,126,126
127,04/12/2022,Jeffie Tittershill,127,127
128,05/09/2022,Giulio Blaskett,128,128
129,10/05/2022,Phyllis Gatherell,129,129
130,03/14/2022,Curran Jansema,130,130
131,03/24/2023,Rick Doerrling,131,131
132,01/20/2022,Berry Hanson,132,132
133,01/12/2022,Elie Godspede,133,133
134,12/23/2021,Denys Minichi,134,134
135,11/10/2021,Elton Jenny,135,135
136,05/09/2022,My Southard,136,136
137,08/17/2022,Eulalie Francesco,137,137
138,12/23/2022,Nancey Stuke,138,138
139,05/03/2022,Romeo Carrol,139,139
140,10/25/2022,Idette Lucy,140,140
141,01/25/2023,Mordy Hansberry,141,141
142,01/11/2022,Sarette Woolner,142,142
143,10/12/2022,De witt Borsnall,143,143
144,04/16/2022,Ainslie Margetson,144,144
145,02/23/2023,Alfy Pietersen,145,145
146,06/15/2022,Kenton Hazeldean,146,146
147,02/12/2022,Biron Filyaev,147,147
148,09/28/2022,Sharlene Maber,148,148
149,11/30/2021,Natalina Harriday,149,149
150,08/14/2022,Rasia Loadman,150,150
151,03/09/2023,Lorine Campa,151,151
152,01/15/2023,Jehu Scud,152,152
153,01/23/2023,Candi Stockley,153,153
154,06/24/2022,Homerus Kaye,154,154
155,11/06/2022,Abbye Zamora,155,155
156,03/17/2023,Jerrie Awde,156,156
157,11/15/2021,Leese Leaning,157,157
158,07/20/2022,Chickie Mossman,158,158
159,04/03/2022,Sande Brabban,159,159
160,02/04/2022,Delphinia Freeman,160,160
161,09/28/2022,Tally Behrend,161,161
162,02/21/2023,Emmott Moggach,162,162
163,02/24/2022,Mervin De Goey,163,163
164,12/12/2022,Maggie Bonallick,164,164
165,01/22/2022,Kelley Le Pruvost,165,165
166,03/15/2023,Gerrie Penrice,166,166
167,02/13/2023,Kordula O' Concannon,167,167
168,11/19/2021,Gustavus Delacourt,168,168
169,12/22/2022,Odilia Hadeke,169,169
170,07/14/2022,Damara Artharg,170,170
171,01/06/2022,Diane Trethowan,171,171
172,06/17/2022,Fayina O'Gorman,172,172
173,02/04/2022,Thurstan Carville,173,173
174,09/11/2022,Khalil Fort,174,174
175,11/22/2021,Izabel Mc Faul,175,175
176,12/16/2022,Marion Skones,176,176
177,01/12/2023,Christel Veel,177,177
178,07/16/2022,Albrecht Muat,178,178
179,12/13/2021,Hatty Whitely,179,179
180,05/05/2022,Hartley Wingatt,180,180
181,10/06/2022,Margaretha Burchill,181,181
182,11/29/2022,Billie O'Quin,182,182
183,02/19/2022,Shell Jakeman,183,183
184,06/16/2022,Katha Burwell,184,184
185,06/19/2022,Anatol Johnstone,185,185
186,08/28/2022,Eal Decroix,186,186
187,12/06/2021,Mozelle Howsin,187,187
188,01/31/2023,Dottie Torbard,188,188
189,07/05/2022,Penni Stickney,189,189
190,02/26/2023,Melonie Davydkov,190,190
191,10/03/2022,Camel Audry,191,191
192,02/22/2022,Orazio Suddaby,192,192
193,09/11/2022,Karoline Hulland,193,193
194,03/24/2022,Rebeka Broughton,194,194
195,10/15/2022,Raye Inseal,195,195
196,09/07/2022,Wrennie Burnall,196,196
197,03/09/2022,Lindsay MacInherney,197,197
198,10/13/2022,Theo Burfield,198,198
199,02/19/2023,Deck Epple,199,199
200,11/20/2022,Merell Bunson,200,200
201,11/23/2021,Laurel Stilgo,201,201
202,02/04/2023,Zilvia Chadbourne,202,202
203,08/25/2022,Noby Latan,203,203
204,01/31/2022,Gaile Filintsev,204,204
205,11/13/2022,Gilburt Blincowe,205,205
206,03/04/2023,Gail Keysall,206,206
207,04/02/2023,Melony Sindall,207,207
208,11/23/2022,Hector Sinisbury,208,208
209,12/05/2021,Dilan Davydkov,209,209
210,12/15/2022,Joell Grealy,210,210
211,12/24/2022,Chrystal Clink,211,211
212,05/02/2022,Serge Commucci,212,212
213,08/25/2022,Fredek Garnsworthy,213,213
214,12/02/2021,Raynell Harbord,214,214
215,04/18/2022,Tobi Plumbley,215,215
216,01/20/2023,Shepperd Reedick,216,216
217,11/13/2022,Maxi Simko,217,217
218,11/27/2022,Piotr McElhargy,218,218
219,09/23/2022,Dave Vuitte,219,219
220,12/27/2022,Norry Hatherell,220,220
221,03/09/2022,Dallon Ballantine,221,221
222,01/23/2022,Constancy MacGibbon,222,222
223,12/14/2022,Alia Trevear,223,223
224,12/31/2021,Shellie Zanutti,224,224
225,06/04/2022,Andreas Saunder,225,225
226,02/04/2022,Giffie Rosbottom,226,226
227,09/20/2022,Tamera Pavier,227,227
228,12/07/2021,Karalynn Jakeman,228,228
229,06/03/2022,Jordan Lashmore,229,229
230,03/27/2023,Corinne Poleye,230,230
231,11/22/2021,Dougy Elfleet,231,231
232,10/12/2022,Catharina Godsafe,232,232
233,03/27/2023,Yolande Momery,233,233
234,03/10/2022,Madelyn Valentino,234,234
235,06/26/2022,Orella Micklewright,235,235
236,09/12/2022,Rosita Dowyer,236,236
237,10/14/2022,Rebecca Ogbourne,237,237
238,12/12/2021,Bennie Boulde,238,238
239,04/06/2022,Derry Perry,239,239
240,04/03/2023,Gale Aldin,240,240
241,06/02/2022,Dee D'Acth,241,241
242,02/17/2022,Isahella Mariotte,242,242
243,09/10/2022,Brittaney Speechly,243,243
244,04/03/2023,Mychal Backes,244,244
245,07/05/2022,Joanie Sykora,245,245
246,12/15/2022,Bride McNaughton,246,246
247,03/29/2022,Oneida Marie,247,247
248,10/14/2022,Dosi O' Lone,248,248
249,06/01/2022,Pall Haugg,249,249
250,08/08/2022,Maddy Berecloth,250,250
251,01/27/2023,Athena Gilbee,251,251
252,03/26/2022,Shelba Stollard,252,252
253,11/23/2022,Tirrell Cowlam,253,253
254,10/07/2022,Morly Budge,254,254
255,01/07/2023,Ermin Rake,255,255
256,11/11/2022,Chad Simonson,256,256
257,12/12/2022,Cherie Deighton,257,257
258,04/14/2022,Michaella Cramp,258,258
259,01/30/2022,Verne Gaine,259,259
260,01/13/2023,Farah Eldon,260,260
261,11/16/2022,Moshe Messitt,261,261
262,03/19/2023,Sibilla Aers,262,262
263,11/03/2022,Katuscha Nani,263,263
264,10/28/2022,Amberly Lamb-shine,264,264
265,09/21/2022,Davidson Dibdale,265,265
266,12/07/2021,Luke Vaines,266,266
267,12/13/2022,Hendrik Jeffree,267,267
268,02/07/2022,Seka Saffe,268,268
269,09/09/2022,Therine Davoren,269,269
270,01/29/2022,Shawna Burl,270,270
271,09/08/2022,Jo Drage,271,271
272,11/18/2022,Dulcine Arnow,272,272
273,12/05/2021,Barbabas Perri,273,273
274,09/19/2022,Lois McIlrath,274,274
275,03/31/2023,Elinor Belk,275,275
276,07/14/2022,Alis Rapelli,276,276
277,01/15/2022,Ignaz Guillot,277,277
278,10/12/2022,Ryon Grafton-Herbert,278,278
279,01/05/2022,Donalt Ligerton,279,279
280,07/04/2022,Lewes Donan,280,280
281,03/14/2022,Mariam Bendley,281,281
282,11/06/2022,Kurt Jelkes,282,282
283,09/23/2022,Buddy Badam,283,283
284,12/29/2022,Klarika Klauer,284,284
285,01/27/2023,Blakeley McGrail,285,285
286,02/21/2023,Jasen Dobrovolny,286,286
287,02/20/2023,Emmy Bruhnicke,287,287
288,11/21/2022,Johnna Kensy,288,288
289,08/19/2022,Corrina Galer,289,289
290,02/18/2022,Ferne Hazlewood,290,290
291,02/23/2022,Rosaleen Keningley,291,291
292,05/22/2022,Brenn Cringle,292,292
293,03/25/2023,Eudora Van Arsdale,293,293
294,04/22/2022,Tanhya Urwin,294,294
295,12/10/2021,Diarmid Woolfenden,295,295
296,06/21/2022,Creight Novichenko,296,296
297,01/07/2023,Dore Barrim,297,297
298,09/10/2022,Samuele Montacute,298,298
299,04/22/2022,Rodie Quincey,299,299
300,07/24/2022,Madonna Tonkes,300,300
301,06/10/2022,Esther Blomfield,301,301
302,08/31/2022,Guendolen Corrison,302,302
303,01/01/2023,Arnuad McFadden,303,303
304,06/18/2022,Sutherland Brandrick,304,304
305,01/10/2022,Courtnay Wordley,305,305
306,03/14/2022,Claybourne Adhams,306,306
307,01/30/2023,Masha Berkely,307,307
308,03/30/2022,Hildy Goodbarr,308,308
309,12/30/2022,Winnifred Beebe,309,309
310,11/10/2022,Winni Grishukov,310,310
311,09/02/2022,Ardys Brideaux,311,311
312,11/27/2022,Myra Cornu,312,312
313,01/25/2022,Jakie Curcher,313,313
314,05/31/2022,Manuel Gerckens,314,314
315,03/31/2022,Addie Medina,315,315
316,12/09/2021,Emmerich Levesque,316,316
317,09/17/2022,Borg McSperron,317,317
318,08/02/2022,Hobie Platt,318,318
319,08/10/2022,Cindi Matessian,319,319
320,01/12/2023,Gonzalo Barnhart,320,320
321,08/16/2022,Adella Kelson,321,321
322,11/11/2021,Spenser Pala,322,322
323,01/24/2022,Russ Kaindl,323,323
324,04/01/2023,Maje Piet,324,324
325,02/12/2023,Mair Roussel,325,325
326,06/18/2022,Orella Shugg,326,326
327,12/11/2022,Wilie Messent,327,327
328,01/01/2022,Sophia D'Enrico,328,328
329,01/14/2022,Katine Gurnell,329,329
330,10/30/2022,Haywood Esby,330,330
331,07/27/2022,Cariotta Gooding,331,331
332,07/05/2022,Hayley Reasun,332,332
333,08/03/2022,Philly Olyfant,333,333
334,12/21/2021,Rab Skoyles,334,334
335,05/31/2022,Nolie Truss,335,335
336,11/19/2022,Heinrik Hunnywell,336,336
337,08/15/2022,Vally Goggen,337,337
338,05/09/2022,Kassie Kasbye,338,338
339,05/06/2022,Rance Filyukov,339,339
340,11/22/2022,Hieronymus Burges,340,340
341,03/21/2023,Hilary Massingberd,341,341
342,12/13/2021,Rutledge Rhead,342,342
343,01/03/2022,Fayre Mellmer,343,343
344,03/05/2023,Colleen Stolte,344,344
345,02/17/2022,Ortensia Lestor,345,345
346,02/08/2023,Rasla Drowsfield,346,346
347,11/21/2022,Bran Kubin,347,347
348,10/22/2022,Reinold Filyashin,348,348
349,06/18/2022,Aviva Gaitung,349,349
350,02/03/2022,Lissi Graser,350,350
351,01/28/2023,Daryl Parkins,351,351
352,10/18/2022,Iris O'Hdirscoll,352,352
353,04/28/2022,Cordie Mishaw,353,353
354,11/01/2022,Ephrayim Firman,354,354
355,10/27/2022,Leopold Bowness,355,355
356,05/23/2022,Bing Orgill,356,356
357,02/06/2022,Avrit Sellman,357,357
358,11/22/2022,Dallas Friday,358,358
359,08/23/2022,Fulton Goldthorp,359,359
360,12/10/2022,Hastie Brailsford,360,360
361,04/17/2022,Audrye De Biaggi,361,361
362,11/04/2022,Dayle MacRorie,362,362
363,11/15/2021,Jesse Thorogood,363,363
364,03/05/2023,Joellen Slarke,364,364
365,07/23/2022,Fin Lapthorn,365,365
366,06/28/2022,Noby Helix,366,366
367,12/27/2021,Ilyse Pierson,367,367
368,04/11/2022,Leonidas McKinley,368,368
369,12/05/2021,Cad Sheron,369,369
370,05/23/2022,Brandice Rogister,370,370
371,12/08/2021,Roderic Dabling,371,371
372,02/04/2022,Gerry Sime,372,372
373,09/17/2022,Almira Waye,373,373
374,07/12/2022,Hanna Salvidge,374,374
375,10/13/2022,Dona Marielle,375,375
376,02/19/2023,Madelon Sparham,376,376
377,03/12/2022,Alphonso Joynes,377,377
378,02/08/2022,Dela Blacktin,378,378
379,11/27/2021,Cassy Askam,379,379
380,02/21/2022,Matias Canham,380,380
381,11/30/2021,Josselyn Semmens,381,381
382,03/07/2023,Malory Trolley,382,382
383,03/07/2023,Tiffy Swinburne,383,383
384,05/14/2022,Cole Clemenson,384,384
385,07/16/2022,Kathryn Dutt,385,385
386,12/07/2022,Marylee Celloni,386,386
387,12/19/2021,Jacquelin Marfield,387,387
388,02/12/2023,Ally Bezant,388,388
389,01/13/2023,Feodor Trobridge,389,389
390,11/28/2021,Rodolfo Soans,390,390
391,01/29/2022,Ashla Glitherow,391,391
392,02/04/2023,Katrinka McLurg,392,392
393,11/01/2022,Grethel Henrot,393,393
394,07/31/2022,Galven Fassman,394,394
395,03/15/2023,Skipp Hatton,395,395
396,01/02/2022,Pip Milstead,396,396
397,06/06/2022,Lamont Schole,397,397
398,01/28/2023,Hirsch Imlaw,398,398
399,04/26/2022,Rachelle Powland,399,399
400,12/19/2021,Mimi Pickerill,400,400
401,11/16/2021,Silvano Simmig,401,401
402,12/31/2022,Sayre Stegers,402,402
403,11/10/2022,Nicolle Gerald,403,403
404,12/20/2022,Milo Horbath,404,404
405,01/25/2022,Jany Burrow,405,405
406,07/12/2022,Fair Crat,406,406
407,01/25/2022,Xylia Pitchers,407,407
408,11/10/2021,Reuven Patrickson,408,408
409,02/05/2022,Melania Saxelby,409,409
410,01/14/2023,Irita Fasham,410,410
411,03/13/2023,Graehme Macklam,411,411
412,02/17/2022,Rivy Pablos,412,412
413,12/05/2022,Kathryne Iacovaccio,413,413
414,09/24/2022,Dallis Sweynson,414,414
415,06/05/2022,Bernete O' Loughran,415,415
416,06/23/2022,Juana Theze,416,416
417,02/14/2022,Aleen Shoulder,417,417
418,12/18/2021,Millie Drowsfield,418,418
419,09/29/2022,Cherianne Message,419,419
420,03/16/2023,Dorian Killiam,420,420
421,09/17/2022,Isidro Ramble,421,421
422,03/25/2023,Fairfax Forgan,422,422
423,11/06/2022,Giralda Rawsthorn,423,423
424,12/29/2021,Cathee Creaven,424,424
425,12/13/2021,Wallie Durrad,425,425
426,11/12/2021,Pauline Fassan,426,426
427,11/01/2022,Caty Jerok,427,427
428,08/31/2022,Fax Drepp,428,428
429,01/13/2023,Elayne Joddins,429,429
430,03/27/2023,Brandea Crouse,430,430
431,02/03/2023,Sharleen Rowston,431,431
432,12/31/2021,Terrel Giovannetti,432,432
433,09/06/2022,Murielle Nockells,433,433
434,08/01/2022,Cary Newell,434,434
435,02/04/2023,Neile Snedker,435,435
436,11/25/2022,Kenyon Younge,436,436
437,03/28/2023,Tabby Janzen,437,437
438,04/16/2022,Bartholomeo Sharrem,438,438
439,03/05/2023,Kariotta Calcraft,439,439
440,09/07/2022,Kahlil Cockson,440,440
441,03/27/2023,Forbes Mulloch,441,441
442,02/25/2023,Crawford Gilchriest,442,442
443,09/28/2022,Rachelle Lodemann,443,443
444,01/02/2022,Wynn Ingilson,444,444
445,02/22/2023,Freeland Looby,445,445
446,02/01/2023,Burtie Kitcherside,446,446
447,12/10/2022,Margalo Cattrall,447,447
448,11/05/2022,Delaney Ikin,448,448
449,02/25/2023,Vivien Gallaher,449,449
450,11/14/2022,Anestassia Medling,450,450
451,05/08/2022,Connie Pedican,451,451
452,10/16/2022,Andra Papen,452,452
453,01/18/2023,Devlin Whaley,453,453
454,12/24/2021,Mervin Kimbley,454,454
455,08/26/2022,Agnesse Coit,455,455
456,08/03/2022,Tiertza Klaves,456,456
457,02/18/2023,Garald Blamey,457,457
458,05/06/2022,Travus Capstick,458,458
459,05/23/2022,Hermione Kmicicki,459,459
460,10/26/2022,Milka de Nore,460,460
461,12/14/2022,Dyana Cordeix,461,461
462,01/01/2022,Kittie Rantoull,462,462
463,01/13/2023,Dar Poppleston,463,463
464,03/23/2023,Bonnee Offord,464,464
465,06/23/2022,Issie Giamo,465,465
466,05/03/2022,Johnna Sproston,466,466
467,05/03/2022,Georgeanne Staresmeare,467,467
468,12/26/2022,Gherardo Gavagan,468,468
469,11/03/2022,Druci Hassan,469,469
470,04/25/2022,Laureen Delahunty,470,470
471,02/12/2022,Wade Stiegers,471,471
472,01/10/2023,Mariette Geddes,472,472
473,05/08/2022,Vassily Cockhill,473,473
474,12/05/2022,Carilyn Reynoldson,474,474
475,11/29/2021,Sianna Shoubridge,475,475
476,04/23/2022,Blakelee Cohan,476,476
477,12/22/2021,Vaughn Senton,477,477
478,03/08/2023,Arvy Lillgard,478,478
479,07/29/2022,Alverta Lyddyard,479,479
480,04/13/2022,Celina MacCollom,480,480
481,09/18/2022,Ranee Gecks,481,481
482,11/13/2021,Cissy Haken,482,482
483,11/18/2022,Jacqueline Struther,483,483
484,04/02/2023,Adriano Beyer,484,484
485,05/16/2022,Anderson MacCambridge,485,485
486,11/12/2022,Dana Snassell,486,486
487,01/22/2022,Sarajane Caps,487,487
488,06/28/2022,Iseabal Wrate,488,488
489,08/20/2022,Claudina Danes,489,489
490,06/12/2022,Mohammed Kleisel,490,490
491,11/21/2022,Maribelle Raggatt,491,491
492,03/16/2023,Antoine Kilroy,492,492
493,12/16/2022,Horace Carayol,493,493
494,03/10/2023,Sanderson Folger,494,494
495,05/08/2022,Tawnya Scarf,495,495
496,05/11/2022,Wally Talton,496,496
497,07/28/2022,Vera Conrath,497,497
498,10/08/2022,Erv Paggitt,498,498
499,05/22/2022,Lydia Flynn,499,499
500,03/14/2022,Roselin Axel,500,500
501,04/16/2022,Ana O'Downe,501,501
502,01/11/2022,Frederigo Hallett,502,502
503,07/28/2022,Marty Elsbury,503,503
504,10/08/2022,Jacobo Baudouin,504,504
505,01/27/2023,Blondell Sapsed,505,505
506,03/29/2023,Addia Balmforth,506,506
507,03/14/2022,Garvin Scrooby,507,507
508,02/23/2022,Meryl Bretherick,508,508
509,03/23/2023,Frants Guntrip,509,509
510,09/25/2022,Jsandye Spieght,510,510
511,06/10/2022,Natka Glyde,511,511
512,07/15/2022,Lanny Goford,512,512
513,12/13/2022,Andreas Faircliffe,513,513
514,05/21/2022,Nero Slewcock,514,514
515,09/18/2022,Martainn Merrill,515,515
516,02/03/2022,Maud Spanton,516,516
517,03/07/2022,Dane Jaycocks,517,517
518,11/10/2021,Eunice Mawford,518,518
519,08/28/2022,Reuven McIntee,519,519
520,12/22/2021,Sisile MacFayden,520,520
521,02/06/2022,Olympia Reddihough,521,521
522,12/13/2021,Clemmy Corradino,522,522
523,10/16/2022,Axel Muller,523,523
524,04/19/2022,Charlotte Troth,524,524
525,02/28/2022,Hersch Chanson,525,525
526,01/09/2023,Antonietta Goudard,526,526
527,12/02/2022,Clem Biggs,527,527
528,03/21/2023,Marita Elsey,528,528
529,10/03/2022,Miriam MacLaren,529,529
530,11/18/2021,Konstance Tumasian,530,530
531,01/17/2022,Annabel Wagerfield,531,531
532,01/20/2023,Wynn Cardenoso,532,532
533,07/20/2022,Alaine Alessandrini,533,533
534,04/24/2022,Addison Maypowder,534,534
535,01/03/2023,Mervin Pascho,535,535
536,02/06/2023,Zelma Plunkett,536,536
537,03/03/2023,Sinclair Walczynski,537,537
538,10/12/2022,Deck Rayburn,538,538
539,12/15/2021,Belinda Critoph,539,539
540,04/21/2022,Locke Renfield,540,540
541,02/04/2022,Demetri Gildea,541,541
542,12/23/2021,Sileas Gogarty,542,542
543,06/01/2022,Andrej Mugg,543,543
544,11/07/2022,Spence Alu,544,544
545,11/06/2022,Karine Meddick,545,545
546,12/14/2022,Freedman Cannings,546,546
547,11/28/2021,Othilie Grisard,547,547
548,04/13/2022,Wileen Dobrowolski,548,548
549,03/16/2022,Sharlene Lanceter,549,549
550,12/13/2022,Rivi Hamblett,550,550
551,03/12/2023,Sharlene Sandercock,551,551
552,11/18/2022,Nichole Simonian,552,552
553,08/13/2022,Devinne Irwin,553,553
554,09/03/2022,Josee Izkovitz,554,554
555,11/24/2021,Esra Brennan,555,555
556,08/15/2022,Joanna MacCoughen,556,556
557,10/08/2022,Adella Dunphie,557,557
558,01/20/2023,Harald O' Cuolahan,558,558
559,02/27/2022,Valaria Ferrarin,559,559
560,03/23/2022,Aurie Beresford,560,560
561,03/13/2022,Goddard Doore,561,561
562,12/31/2021,Robina Franklyn,562,562
563,02/06/2022,Brig Lundy,563,563
564,04/13/2022,Dela Domange,564,564
565,12/14/2022,Nert Berndtssen,565,565
566,03/30/2023,Norton Jessard,566,566
567,11/01/2022,Arch Flamank,567,567
568,03/21/2022,Shelli Aicheson,568,568
569,02/04/2023,Bette-ann Scourgie,569,569
570,03/13/2023,Terry Bannister,570,570
571,11/11/2022,Vina Reuben,571,571
572,12/09/2022,Delmore Melanaphy,572,572
573,05/02/2022,Casi Van Hove,573,573
574,12/22/2021,Reine Scocroft,574,574
575,09/01/2022,Kirstyn Clowley,575,575
576,01/24/2022,Aldric Murty,576,576
577,02/02/2023,Britteny Ramos,577,577
578,03/11/2022,Ange Peatt,578,578
579,04/02/2023,Ethelda Ayrton,579,579
580,03/22/2023,Agnella Stickney,580,580
581,12/31/2022,Kelcy Lusk,581,581
582,10/26/2022,Lizzie Hoffner,582,582
583,01/07/2022,Ericha Bartlomiejczyk,583,583
584,08/03/2022,Haley Blitzer,584,584
585,01/06/2023,Alden von Grollmann,585,585
586,12/15/2021,Daphne Kynson,586,586
587,04/04/2022,Sherwin Westpfel,587,587
588,09/29/2022,Arny Orbine,588,588
589,04/16/2022,Berget Rowling,589,589
590,01/27/2022,Kellyann Hellewell,590,590
591,11/21/2022,Jeremiah Biermatowicz,591,591
592,04/02/2023,Enoch Soares,592,592
593,01/01/2022,Mellisent Mowles,593,593
594,11/17/2021,Christye Flawith,594,594
595,11/01/2022,Arnie Kabisch,595,595
596,12/25/2022,Carlie Walters,596,596
597,03/29/2022,Fraze Seargeant,597,597
598,01/26/2023,Vonni Cunradi,598,598
599,09/06/2022,Kliment Raoux,599,599
600,02/17/2022,Berny Banbridge,600,600
601,01/25/2023,Misha Heijne,601,601
602,08/12/2022,Tessi Lardeur,602,602
603,07/24/2022,Daffi Duffan,603,603
604,09/11/2022,Dulsea Stairmond,604,604
605,05/05/2022,Kit Minthorpe,605,605
606,02/01/2023,Junie Rivers,606,606
607,01/04/2023,Zahara Barnhart,607,607
608,02/26/2023,Munroe Iacovozzo,608,608
609,09/14/2022,Burke O'Fihillie,609,609
610,12/13/2022,Paolo Yoell,610,610
611,10/30/2022,Jorie Jedrachowicz,611,611
612,06/10/2022,Toddy Greedier,612,612
613,09/10/2022,Meryl Keaton,613,613
614,02/23/2022,Godfrey Voysey,614,614
615,05/18/2022,Tadio D'Angeli,615,615
616,11/14/2022,Garv Bampton,616,616
617,01/28/2022,Hanny Wink,617,617
618,02/26/2022,Junie Fernihough,618,618
619,11/30/2021,Mikey Lavery,619,619
620,10/06/2022,Denna Willard,620,620
621,06/10/2022,Gordy Strass,621,621
622,11/10/2022,Letisha Downes,622,622
623,06/12/2022,Holly Roman,623,623
624,02/08/2022,Binni Kindleysides,624,624
625,10/17/2022,Karol Yakunchikov,625,625
626,12/31/2022,Reese Hush,626,626
627,11/12/2021,Auberon Hayller,627,627
628,09/02/2022,Halsy Bareford,628,628
629,12/16/2021,Orran de Clerk,629,629
630,07/03/2022,Ardelia Cauthra,630,630
631,12/31/2022,Tess Osmon,631,631
632,12/16/2021,Cecilia Blum,632,632
633,10/15/2022,Pippy Blencowe,633,633
634,09/10/2022,Walden Gasgarth,634,634
635,03/22/2022,Paulie Saiens,635,635
636,03/23/2022,Mellisa Pindar,636,636
637,01/02/2023,Gideon Senton,637,637
638,01/03/2023,Robinson O'Conor,638,638
639,02/03/2023,Consuela Dominicacci,639,639
640,12/09/2022,Oswell Gerren,640,640
641,02/07/2023,Arlina Cusiter,641,641
642,03/09/2022,Onfroi Axell,642,642
643,09/21/2022,Mercie Bouskill,643,643
644,05/15/2022,Jakie Emney,644,644
645,05/21/2022,Ambrosi Plumer,645,645
646,08/01/2022,Onfre Brock,646,646
647,03/08/2022,Lynde Giannassi,647,647
648,11/22/2022,Faustine Sadry,648,648
649,02/11/2023,Deonne Dewitt,649,649
650,01/14/2022,Lynde Ablitt,650,650
651,03/04/2022,Cecilla Kiffin,651,651
652,02/24/2022,Elijah Corris,652,652
653,03/06/2022,Natalee Oke,653,653
654,06/03/2022,Anet Mugleston,654,654
655,12/12/2022,Marga Leaming,655,655
656,06/27/2022,Marie-jeanne Sterte,656,656
657,03/26/2022,Gannie Manchett,657,657
658,10/17/2022,Carmelle Gabits,658,658
659,03/20/2022,Harvey Brisard,659,659
660,05/31/2022,Klara Mewe,660,660
661,10/18/2022,Travis Kuzemka,661,661
662,07/13/2022,Dorian Colt,662,662
663,12/17/2022,Avie Skaife,663,663
664,07/04/2022,Kermie Bessant,664,664
665,12/23/2022,Frederick Dudmesh,665,665
666,03/01/2023,Margareta Jameson,666,666
667,10/30/2022,Gerladina Josovitz,667,667
668,09/30/2022,Linzy Bencher,668,668
669,04/08/2022,Berkeley Grewcock,669,669
670,08/24/2022,Veronique MacGahy,670,670
671,03/04/2023,Ianthe Sanper,671,671
672,02/04/2022,Reggie Dutch,672,672
673,11/10/2021,Shirlee Baff,673,673
674,12/10/2021,Tilda Ruddle,674,674
675,12/02/2021,Dottie McPhelimy,675,675
676,01/18/2022,Harv Guilbert,676,676
677,02/25/2022,Mathilda Phlipon,677,677
678,02/24/2023,Khalil Keble,678,678
679,02/03/2023,Guido Reye,679,679
680,07/26/2022,Kathryne McCullough,680,680
681,02/27/2022,Pru Blase,681,681
682,01/28/2022,Naoma Schlag,682,682
683,08/22/2022,Pansy Cawthery,683,683
684,12/06/2022,Nappy Larraway,684,684
685,01/21/2022,Tobin Ribou,685,685
686,01/07/2023,Giustina Gaytor,686,686
687,06/22/2022,Marlane Ambrosch,687,687
688,03/20/2023,Forest McPake,688,688
689,07/29/2022,Nero Jotcham,689,689
690,09/08/2022,Salvador Rimington,690,690
691,05/07/2022,Consuela Pennycock,691,691
692,03/02/2023,Emmerich Patemore,692,692
693,01/09/2022,Mandi Milesap,693,693
694,12/18/2021,Lurlene Laver,694,694
695,12/21/2022,Merry Grundell,695,695
696,12/08/2022,Barbe Chattock,696,696
697,01/03/2023,Tansy Fenty,697,697
698,12/12/2021,Ddene Ferrarotti,698,698
699,10/28/2022,Arvie Bellfield,699,699
700,08/02/2022,Calhoun Gallego,700,700
701,11/15/2022,Liesa McDiarmid,701,701
702,03/22/2022,Madeleine Ockleshaw,702,702
703,02/22/2023,Juan Spare,703,703
704,04/17/2022,Berkly Eddington,704,704
705,12/18/2022,Miquela Duxbarry,705,705
706,11/01/2022,Estevan Sowerbutts,706,706
707,01/29/2022,Sheff Deble,707,707
708,01/09/2023,Hanny Curcher,708,708
709,12/24/2022,Ty Creane,709,709
710,11/11/2021,Cinda Renoden,710,710
711,07/02/2022,Kalila Duffett,711,711
712,09/24/2022,Karia Baudinet,712,712
713,03/04/2023,Osbourne Cabotto,713,713
714,05/13/2022,Diann Funcheon,714,714
715,03/10/2023,Waylin Blagbrough,715,715
716,03/23/2023,Roanne Statham,716,716
717,07/02/2022,Fara Van de Castele,717,717
718,09/28/2022,Diarmid Nealy,718,718
719,09/17/2022,Trina Orpwood,719,719
720,12/10/2022,Rowe Whitehorn,720,720
721,01/08/2022,Jenelle Tribell,721,721
722,02/14/2023,Gino Colthurst,722,722
723,01/22/2022,Tiebold Morphey,723,723
724,11/25/2022,Brennan Leavold,724,724
725,11/21/2022,Norman Zollner,725,725
726,06/25/2022,Killy Bolingbroke,726,726
727,04/11/2022,Esme Ricciardo,727,727
728,12/30/2021,Lavinie Grimsdith,728,728
729,05/20/2022,Francois Ingon,729,729
730,12/01/2021,Irwinn Bamber,730,730
731,12/13/2022,Jud Rhys,731,731
732,07/25/2022,Hoebart Warstall,732,732
733,04/12/2022,Grantham Biggam,733,733
734,01/13/2023,Glennie Washington,734,734
735,12/14/2022,Rudyard Gonnely,735,735
736,04/27/2022,Gasper Vallentine,736,736
737,04/25/2022,Danna Formby,737,737
738,02/12/2023,Gustie Wilne,738,738
739,10/01/2022,Findley Cantrill,739,739
740,03/06/2022,Grete Henrichsen,740,740
741,01/28/2022,Celestina Jaeggi,741,741
742,05/12/2022,Annamarie Tellenbrok,742,742
743,12/27/2022,Rowe Millmore,743,743
744,06/02/2022,Morey Tiebe,744,744
745,03/19/2022,Daloris Gwinn,745,745
746,04/09/2022,Beryle Fantone,746,746
747,01/23/2022,Amata Kitchingman,747,747
748,06/17/2022,Nickolas Vass,748,748
749,08/10/2022,Mel MacGray,749,749
750,12/20/2022,Trent Atrill,750,750
751,02/02/2023,Louella Dranfield,751,751
752,03/12/2022,Kamila Ellerington,752,752
753,06/27/2022,Maddy Hardway,753,753
754,03/11/2023,Tomi Duro,754,754
755,03/24/2022,Peterus Bollin,755,755
756,01/23/2022,Homer Mapston,756,756
757,01/09/2023,Samara MacIntosh,757,757
758,07/15/2022,Carce Cottis,758,758
759,08/26/2022,Tildi Danser,759,759
760,12/07/2021,Angelique Halm,760,760
761,11/17/2021,Leanna Dewar,761,761
762,07/26/2022,Ariella Butter,762,762
763,02/25/2023,Casandra Filewood,763,763
764,10/01/2022,Francis Routledge,764,764
765,11/11/2022,Kelcey Arnke,765,765
766,02/18/2023,Bale Sailes,766,766
767,03/19/2022,Hoyt Gertray,767,767
768,12/11/2021,Fern Blaby,768,768
769,01/06/2022,Madel McBrearty,769,769
770,07/13/2022,Francisca Assaf,770,770
771,10/18/2022,Rhodia Beagley,771,771
772,04/03/2022,Lamar Ducker,772,772
773,03/20/2023,Fleur Sondon,773,773
774,01/05/2022,Melodie Sparsholt,774,774
775,02/05/2023,Lon Lamort,775,775
776,07/08/2022,Fabiano Kernley,776,776
777,07/10/2022,Brad Bea,777,777
778,09/08/2022,Roseline Swanson,778,778
779,05/04/2022,Susann Schukraft,779,779
780,01/12/2022,Chrotoem Bamblett,780,780
781,09/09/2022,Skippie Quinnelly,781,781
782,07/23/2022,Alvis Nani,782,782
783,01/01/2023,Bar Soldan,783,783
784,04/29/2022,Roseanna Di Baudi,784,784
785,12/19/2021,Ebenezer Bane,785,785
786,02/15/2023,Angelico Batt,786,786
787,09/13/2022,Jermain Benasik,787,787
788,04/17/2022,Clay Narrie,788,788
789,02/19/2022,Opal Gimert,789,789
790,07/12/2022,Kelli Kreuzer,790,790
791,01/18/2022,Maison Beckinsale,791,791
792,06/19/2022,Anthony Kermeen,792,792
793,10/20/2022,Cherey Pepper,793,793
794,06/29/2022,Stavros Jerger,794,794
795,12/16/2022,Ethyl Olyfat,795,795
796,03/11/2022,Mirabella Cropton,796,796
797,05/23/2022,Valera Goodswen,797,797
798,02/25/2022,Arlin Aubert,798,798
799,11/17/2021,Percy Kenworthey,799,799
800,12/24/2022,Antonella Dyott,800,800
801,12/03/2021,Werner Abrey,801,801
802,03/23/2023,Adella Murricanes,802,802
803,09/15/2022,Nara Risman,803,803
804,01/01/2022,Katusha Schurig,804,804
805,03/21/2023,Tedd Father,805,805
806,03/13/2023,Keenan Tyreman,806,806
807,12/07/2021,Tessa Dilston,807,807
808,03/11/2022,Toma Tedstone,808,808
809,10/13/2022,Paule Ceillier,809,809
810,05/09/2022,Vail Simonutti,810,810
811,12/13/2021,Malinda Dulake,811,811
812,11/17/2022,Aldon Snap,812,812
813,04/11/2022,Paten Mitchenson,813,813
814,03/13/2023,Susan Blose,814,814
815,12/15/2021,Gloriane Spyby,815,815
816,04/12/2022,Vidovic Aberdeen,816,816
817,05/04/2022,Frederigo Poltun,817,817
818,10/04/2022,Danni Harder,818,818
819,05/18/2022,Kerr Ogelbe,819,819
820,02/16/2022,Danie Goring,820,820
821,02/15/2023,Claudius De Gregoli,821,821
822,10/24/2022,Jilli Pfleger,822,822
823,11/11/2021,Lula Gautrey,823,823
824,09/05/2022,Dewie Messum,824,824
825,11/22/2021,Rayner Pawley,825,825
826,02/05/2022,Moyna Baukham,826,826
827,01/31/2022,Barbaraanne Broe,827,827
828,11/19/2022,Brena Kynge,828,828
829,10/03/2022,Krissie Wharby,829,829
830,04/11/2022,Laney Deport,830,830
831,08/25/2022,Ely Herculson,831,831
832,04/24/2022,Corena Graysmark,832,832
833,02/01/2023,Sauveur Jolliffe,833,833
834,10/14/2022,Willie Gilhooley,834,834
835,12/27/2022,Lamar Castellani,835,835
836,08/29/2022,Jesse Kimblen,836,836
837,12/29/2021,Dalt Fosken,837,837
838,05/31/2022,Cinderella Fillary,838,838
839,02/19/2023,Brocky Dahle,839,839
840,04/16/2022,Isacco Brokenshaw,840,840
841,01/30/2022,Gerry Nordass,841,841
842,12/29/2022,Merrily Orrah,842,842
843,12/10/2021,Morty Treuge,843,843
844,12/30/2021,Maddalena McCobb,844,844
845,03/09/2023,Norrie Jaffray,845,845
846,09/19/2022,Sanderson Clinnick,846,846
847,03/23/2023,Jarrod Matthaus,847,847
848,02/16/2022,Drake Ortet,848,848
849,12/09/2021,Kaycee Rudgley,849,849
850,10/30/2022,Andrea Brockbank,850,850
851,08/21/2022,Rory Moodycliffe,851,851
852,06/21/2022,Meta Alans,852,852
853,02/05/2022,Rufus Ashman,853,853
854,12/08/2022,Colette Coburn,854,854
855,05/20/2022,Shirley Folli,855,855
856,11/15/2021,Babbette Brydie,856,856
857,11/04/2022,Esteban Redhead,857,857
858,01/07/2022,Oneida Ribeiro,858,858
859,03/24/2022,Foster Licence,859,859
860,11/23/2022,Hyacinthia Moraleda,860,860
861,03/02/2023,Laney Fahey,861,861
862,05/16/2022,Gerianne Wavell,862,862
863,02/16/2023,Romeo Lambin,863,863
864,02/08/2022,Bond Bullon,864,864
865,12/08/2021,Garrek Dowty,865,865
866,09/22/2022,Othilie Francecione,866,866
867,01/08/2023,Adria Bangle,867,867
868,09/12/2022,Ann-marie Sickert,868,868
869,04/23/2022,Gabi Goater,869,869
870,07/16/2022,Portie Chatten,870,870
871,03/13/2022,Bessy Woolerton,871,871
872,01/17/2022,Farly Bettanay,872,872
873,03/04/2022,Gard Belward,873,873
874,08/14/2022,Berny Thowes,874,874
875,12/17/2021,Diana Sommersett,875,875
876,01/06/2022,De witt Leggin,876,876
877,02/16/2023,Nathanial Bearn,877,877
878,09/01/2022,Korry Roe,878,878
879,11/08/2022,Euphemia Paslow,879,879
880,04/01/2023,Syd Fochs,880,880
881,07/14/2022,Jakie Harbor,881,881
882,05/13/2022,Elyn Avieson,882,882
883,07/10/2022,Saundra Ferreri,883,883
884,12/20/2022,Kippie Whall,884,884
885,10/08/2022,Grant Donnell,885,885
886,12/16/2022,Samson Jepensen,886,886
887,05/24/2022,Myrna Sowley,887,887
888,01/25/2023,Minta Alsopp,888,888
889,03/02/2022,Jerrie Randals,889,889
890,12/01/2021,Ruthann Kimmitt,890,890
891,01/18/2022,Selene Vanyukhin,891,891
892,06/02/2022,Fairfax Gartland,892,892
893,09/21/2022,Cindi Sully,893,893
894,06/08/2022,Gage Whisker,894,894
895,02/27/2023,Aveline Lettice,895,895
896,05/17/2022,Melisande Mabbe,896,896
897,07/26/2022,Cristian Derry,897,897
898,09/19/2022,Lenna Meiklem,898,898
899,12/25/2021,Terrance Missenden,899,899
900,04/24/2022,Gael Parkey,900,900
901,01/05/2023,Mattie Possek,901,901
902,01/04/2022,Ingemar Trainor,902,902
903,12/28/2021,Brad Linzey,903,903
904,07/05/2022,Gilligan Assaf,904,904
905,04/19/2022,Analise Herche,905,905
906,12/28/2021,Pacorro Clevely,906,906
907,02/18/2023,Kasper Angove,907,907
908,09/25/2022,Fabian Ashbe,908,908
909,05/09/2022,Candie Orro,909,909
910,12/12/2022,Rockey Beardmore,910,910
911,11/04/2022,Carlee Alvarado,911,911
912,03/21/2023,Renaud McDool,912,912
913,12/26/2021,Harlan Hasley,913,913
914,04/04/2022,Barrie Low,914,914
915,04/07/2022,Tiphani Yelden,915,915
916,01/02/2023,Jacqueline Entwhistle,916,916
917,06/22/2022,Mella Frusher,917,917
918,12/16/2021,Edy Bloxam,918,918
919,10/04/2022,Robbert Dwyr,919,919
920,02/27/2023,Osgood Bakhrushin,920,920
921,02/01/2022,Westleigh Rathmell,921,921
922,12/21/2022,Lawton Garton,922,922
923,07/01/2022,Marin Purcell,923,923
924,08/01/2022,Esdras Corrington,924,924
925,10/12/2022,Carolus Yallop,925,925
926,09/07/2022,Fons Turbitt,926,926
927,12/15/2021,Jodie Dumbell,927,927
928,06/18/2022,Kaile Goaley,928,928
929,01/13/2022,Rubetta Kubec,929,929
930,02/14/2023,Rosene Unstead,930,930
931,11/25/2021,Amelia Castane,931,931
932,01/01/2022,Maurice Hambly,932,932
933,05/15/2022,Vito Twatt,933,933
934,10/12/2022,Karoline Shoosmith,934,934
935,10/30/2022,Arlie Logsdail,935,935
936,12/06/2021,Basilio Chipps,936,936
937,09/28/2022,Read Marcombe,937,937
938,04/18/2022,Bessy Carnaman,938,938
939,03/31/2023,Gwen Offen,939,939
940,05/05/2022,Nannie Kellet,940,940
941,10/01/2022,Ashley Giovannazzi,941,941
942,12/15/2021,Jolene Lassen,942,942
943,04/22/2022,Dennis Forst,943,943
944,10/04/2022,Bancroft Gosdin,944,944
945,12/20/2021,Ivy McConnel,945,945
946,02/19/2023,Gayler Brimming,946,946
947,03/04/2023,Camila Breakey,947,947
948,12/08/2021,Benny Conneau,948,948
949,06/18/2022,Tim Perelli,949,949
950,02/23/2023,Shelton Suffield,950,950
951,06/15/2022,Clim Cattell,951,951
952,02/07/2023,Jerrie Scobie,952,952
953,09/04/2022,Baxter Gallager,953,953
954,01/05/2023,Talia Dearlove,954,954
955,09/06/2022,Robina Fishpool,955,955
956,04/02/2023,Jeanne Castagno,956,956
957,03/02/2023,Evangeline Trathen,957,957
958,06/08/2022,Yorker Channon,958,958
959,12/04/2021,Binny Brimfield,959,959
960,02/18/2023,Shalna Faulkes,960,960
961,04/14/2022,Micheal MacCarroll,961,961
962,07/28/2022,Erny Rosenkranc,962,962
963,09/12/2022,Aggy Slee,963,963
964,09/14/2022,Margy De Fraine,964,964
965,02/14/2023,Conrad Zohrer,965,965
966,11/29/2022,Skippie Spencer,966,966
967,02/05/2023,Jamal Beccles,967,967
968,10/02/2022,Leisha Klagge,968,968
969,08/14/2022,Binni Braunstein,969,969
970,12/10/2022,Raff Welband,970,970
971,09/25/2022,Agatha Brozsset,971,971
972,08/05/2022,Addie Daborne,972,972
973,02/17/2022,Sheree Moloney,973,973
974,06/05/2022,Lannie Sclater,974,974
975,10/27/2022,Lelah McDougle,975,975
976,01/08/2022,Sanford Giscken,976,976
977,07/11/2022,Michaella Orht,977,977
978,12/10/2022,Lula Biner,978,978
979,12/25/2022,Roseanna Ferby,979,979
980,03/04/2023,Hetty Milligan,980,980
981,03/12/2022,Clio Cullinan,981,981
982,03/25/2022,Cathy Meneghi,982,982
983,01/04/2023,Bat Mollatt,983,983
984,11/13/2022,Ahmad Alison,984,984
985,11/22/2021,Reggi Brende,985,985
986,08/15/2022,Sharia Ort,986,986
987,01/24/2023,Sidnee Clemenzi,987,987
988,04/19/2022,Nicolle Bonde,988,988
989,04/15/2022,Darrick Tyreman,989,989
990,11/21/2021,Blaine Carlsson,990,990
991,05/05/2022,Emelda Davidovitz,991,991
992,12/11/2022,Kele Abraham,992,992
993,01/02/2023,Rubie Hynson,993,993
994,03/08/2023,Cecil Pringley,994,994
995,08/03/2022,Caryl Denkel,995,995
996,12/21/2021,Kirby Parks,996,996
997,08/07/2022,Frederik Maden,997,997
998,09/24/2022,Waylan Algate,998,998
999,11/25/2022,Rene Foucher,999,999
1000,01/15/2022,Foss Brookes,1000,1000
